1,Nikos Calbaithe,47 Columbus Hill,2236196,ncalbaithe0@si.edu
2,Drusi Dullaghan,27 Crest Line Trail,1048015,ddullaghan1@prnewswire.com
3,Dave Heckle,10 Amoth Crossing,4559978,dheckle2@bigcartel.com
4,Myrtie Mordaunt,947 Annamark Terrace,4528346,mmordaunt3@ifeng.com
5,Alberta Mouser,3694 Delaware Plaza,9512740,amouser4@twitter.com
6,Evelin Hedges,9 Hanover Plaza,6520008,ehedges5@wordpress.org
7,Jakie Perigeaux,6 Weeping Birch Junction,7865526,jperigeaux6@youtu.be
8,Alika Killerby,05 Sauthoff Center,8700764,akillerby7@usgs.gov
9,Damara Cogley,75 Helena Center,8094515,dcogley8@google.it
10,Gonzalo Pickavance,1 Kenwood Court,6141663,gpickavance9@ameblo.jp
11,Lanette Sara,6221 Sycamore Trail,4229122,lsaraa@altervista.org
12,Krisha Snoddy,507 Anzinger Way,5816196,ksnoddyb@dedecms.com
13,Estrella Hassewell,2 Mockingbird Court,8358465,ehassewellc@hhs.gov
14,Chrissie Norbury,728 Park Meadow Place,8997090,cnorburyd@google.ca
15,Tann Josefson,76 Boyd Trail,7131634,tjosefsone@abc.net.au
16,Lambert Rolph,80 Melody Trail,8757330,lrolphf@dot.gov
17,Karol Flaxon,46767 Village Place,1832455,kflaxong@va.gov
18,Maia Itzkin,3 Cardinal Court,6383703,mitzkinh@alibaba.com
19,Gibbie Leveridge,9 Vermont Circle,6624553,gleveridgei@google.de
20,Raynell Paprotny,9 Del Mar Drive,1567437,rpaprotnyj@npr.org
21,Cathyleen Dalman,234 Oxford Plaza,3848921,cdalmank@umich.edu
22,Francesca Benbough,59 Clyde Gallagher Court,4611927,fbenboughl@reference.com
23,Sherman Valentin,14 Mallard Court,1222050,svalentinm@kickstarter.com
24,Broddie Colmore,271 Stang Plaza,9438743,bcolmoren@friendfeed.com
25,Lawrence Dengel,9454 Ramsey Parkway,5618333,ldengelo@sphinn.com
26,Rick Heelis,4 Bartillon Court,9351026,rheelisp@apache.org
27,Frances McMechan,321 Fisk Hill,1196886,fmcmechanq@chicagotribune.com
28,Elianore Realff,9427 Dakota Trail,7574341,erealffr@issuu.com
29,Parker Foskin,91225 Melrose Parkway,8627050,pfoskins@cisco.com
30,Gwendolin Hele,05017 Aberg Terrace,5371456,ghelet@stanford.edu
31,Roi Currell,116 Stang Street,5674028,rcurrellu@eventbrite.com
32,Cyrill Finan,883 Larry Court,6491712,cfinanv@goo.gl
33,Alia Eilles,424 La Follette Circle,4690890,aeillesw@businessinsider.com
34,Anson Hatchette,8945 Colorado Parkway,6881199,ahatchettex@ezinearticles.com
35,Franky Simnell,79820 Dwight Drive,2748872,fsimnelly@usda.gov
36,Con Lentsch,8367 Blue Bill Park Center,3130338,clentschz@example.com
37,Myrah Dmytryk,0 Oriole Crossing,2760259,mdmytryk10@php.net
38,Gordie Perone,09 Troy Terrace,1082271,gperone11@indiatimes.com
39,Teri Lingner,818 Birchwood Road,1579464,tlingner12@creativecommons.org
40,Lev Lemoir,6089 Westport Avenue,6083356,llemoir13@oaic.gov.au
41,Derward Ludwell,0477 Village Avenue,9280655,dludwell14@skype.com
42,Lois Pursehouse,59 Artisan Road,7720628,lpursehouse15@nymag.com
43,Calypso Venditto,629 Heffernan Avenue,6033137,cvenditto16@shop-pro.jp
44,Tudor Marmyon,4270 Rutledge Avenue,4352941,tmarmyon17@zimbio.com
45,Durward Guiu,66228 Macpherson Street,6981495,dguiu18@va.gov
46,Hill Stocks,3 Pepper Wood Center,7205807,hstocks19@google.fr
47,Marieann Haitlie,3986 Eagle Crest Drive,7543719,mhaitlie1a@altervista.org
48,Fairlie Luebbert,53469 Esch Street,7239452,fluebbert1b@simplemachines.org
49,Milissent Tuckwood,21984 Bunker Hill Junction,3592722,mtuckwood1c@jimdo.com
50,Clio Skerman,102 Glendale Park,8986084,cskerman1d@naver.com
